{
    "sales": {
        "prophet": {
            "mae": 1811.8627787461705,
            "rmse": 2222.5688068867894,
            "mape": 1147.2000462508038,
            "smape": 77.60249231962459
        }
    }
}