{
    "subcategory_0": {
        "sktime_Prophet": {
            "mae": 174.01821482143617,
            "rmse": 238.8816618893913,
            "mape": 74.28018803784107,
            "smape": 140.62742653135655
        }
    },
    "subcategory_1": {
        "sktime_Prophet": {
            "mae": 94.99317322930162,
            "rmse": 127.9978502701766,
            "mape": 566.3643726563424,
            "smape": 160.59431313384997
        }
    },
    "subcategory_10": {
        "sktime_Prophet": {
            "mae": 12.165283137872324,
            "rmse": 21.568011300965093,
            "mape": 75.73589913823969,
            "smape": 171.81332834869616
        }
    },
    "subcategory_11": {
        "sktime_Prophet": {
            "mae": 93.05701973866526,
            "rmse": 149.3995524069681,
            "mape": 67.49211555339475,
            "smape": 191.6124617893007
        }
    },
    "subcategory_12": {
        "sktime_Prophet": {
            "mae": 65.79543302449964,
            "rmse": 80.74116622491542,
            "mape": 142.11154424884194,
            "smape": 115.35207008423276
        }
    },
    "subcategory_13": {
        "sktime_Prophet": {
            "mae": 170.1628654314283,
            "rmse": 191.6001669102349,
            "mape": 151.8659495543564,
            "smape": 129.3843852971887
        }
    },
    "subcategory_14": {
        "sktime_Prophet": {
            "mae": 179.79041378319764,
            "rmse": 253.0700982211368,
            "mape": 113.63360797346174,
            "smape": 147.51472766214113
        }
    },
    "subcategory_15": {
        "sktime_Prophet": {
            "mae": 32.60560361993358,
            "rmse": 126.17738997003718,
            "mape": 85.37656430673592,
            "smape": 189.44511410077553
        }
    },
    "subcategory_16": {
        "sktime_Prophet": {
            "mae": 162.97315261686484,
            "rmse": 274.5054709126045,
            "mape": 82.42394744806008,
            "smape": 190.4763394335448
        }
    },
    "subcategory_2": {
        "sktime_Prophet": {
            "mae": 16.06899329430793,
            "rmse": 22.943728894791175,
            "mape": 45.11272727424519,
            "smape": 116.55092467494161
        }
    },
    "subcategory_3": {
        "sktime_Prophet": {
            "mae": 110.19104235662707,
            "rmse": 159.55295962992977,
            "mape": 491.4147326672004,
            "smape": 111.8777483117148
        }
    },
    "subcategory_4": {
        "sktime_Prophet": {
            "mae": 80.78044637830168,
            "rmse": 99.84611497691876,
            "mape": 59.88963627315328,
            "smape": 163.61894034243488
        }
    },
    "subcategory_5": {
        "sktime_Prophet": {
            "mae": 284.4247921326974,
            "rmse": 363.5708700254093,
            "mape": 54.02981489825846,
            "smape": 159.1400498006312
        }
    },
    "subcategory_6": {
        "sktime_Prophet": {
            "mae": 162.5859997760804,
            "rmse": 385.6343650351363,
            "mape": 95.15165014741277,
            "smape": 198.1562667895293
        }
    },
    "subcategory_7": {
        "sktime_Prophet": {
            "mae": 11.194054857514413,
            "rmse": 21.613982255196216,
            "mape": 56.422423762068405,
            "smape": 178.65935967378718
        }
    },
    "subcategory_8": {
        "sktime_Prophet": {
            "mae": 2.412217658598606,
            "rmse": 4.1751446001286565,
            "mape": 80.05647896238224,
            "smape": 187.28750084982434
        }
    },
    "subcategory_9": {
        "sktime_Prophet": {
            "mae": 72.20016207583504,
            "rmse": 102.66020471915157,
            "mape": 117.32462368897225,
            "smape": 119.08451465329138
        }
    }
}