{
    "subcategory_0": {
        "xgboost": {
            "mae": 163.2842949183146,
            "rmse": 222.6707478931583,
            "mape": 49.10027414414646,
            "smape": 126.75014817481738
        }
    },
    "subcategory_1": {
        "xgboost": {
            "mae": 80.63601137949627,
            "rmse": 127.9841016857264,
            "mape": 550.8723241400803,
            "smape": 144.39212779036657
        }
    },
    "subcategory_10": {
        "xgboost": {
            "mae": 12.930634087435404,
            "rmse": 21.42520571224969,
            "mape": 98.92154207551539,
            "smape": 169.1283082355828
        }
    },
    "subcategory_11": {
        "xgboost": {
            "mae": 64.77249556684494,
            "rmse": 136.7512532271618,
            "mape": 82.03283963803301,
            "smape": 194.01196559548254
        }
    },
    "subcategory_12": {
        "xgboost": {
            "mae": 62.81997063903808,
            "rmse": 74.15242297396814,
            "mape": 154.85726946162833,
            "smape": 110.15598004929761
        }
    },
    "subcategory_13": {
        "xgboost": {
            "mae": 158.8192156870524,
            "rmse": 208.26539755643208,
            "mape": 174.19265596737844,
            "smape": 121.68863737485158
        }
    },
    "subcategory_14": {
        "xgboost": {
            "mae": 192.54964613545735,
            "rmse": 256.10084372854664,
            "mape": 172.83132852021203,
            "smape": 139.7481537980518
        }
    },
    "subcategory_15": {
        "xgboost": {
            "mae": 38.66919884258906,
            "rmse": 125.32938984557354,
            "mape": 75.14664378897702,
            "smape": 180.3697177708256
        }
    },
    "subcategory_16": {
        "xgboost": {
            "mae": 165.9626883097331,
            "rmse": 266.17776629598734,
            "mape": 80.00755534760069,
            "smape": 186.8083489001267
        }
    },
    "subcategory_2": {
        "xgboost": {
            "mae": 15.976084582519531,
            "rmse": 21.05541189897001,
            "mape": 120.44656835785936,
            "smape": 120.7559152537354
        }
    },
    "subcategory_3": {
        "xgboost": {
            "mae": 78.5853001759847,
            "rmse": 142.92693824986557,
            "mape": 249.83676504794897,
            "smape": 88.67731216838042
        }
    },
    "subcategory_4": {
        "xgboost": {
            "mae": 71.79093765604655,
            "rmse": 95.20592477922975,
            "mape": 68.15302863647457,
            "smape": 168.6921851204747
        }
    },
    "subcategory_5": {
        "xgboost": {
            "mae": 311.7560704264323,
            "rmse": 382.1765214370424,
            "mape": 50.44682681718308,
            "smape": 144.90546717204865
        }
    },
    "subcategory_6": {
        "xgboost": {
            "mae": 191.00701908702848,
            "rmse": 391.83317817544633,
            "mape": 65.70677729093217,
            "smape": 191.31539175259917
        }
    },
    "subcategory_7": {
        "xgboost": {
            "mae": 15.18440662574768,
            "rmse": 27.77918818167294,
            "mape": 83.43746036253849,
            "smape": 185.29398975428194
        }
    },
    "subcategory_8": {
        "xgboost": {
            "mae": 2.1400899883220594,
            "rmse": 3.8203130104931406,
            "mape": 62.2398764313191,
            "smape": 176.97385462895022
        }
    },
    "subcategory_9": {
        "xgboost": {
            "mae": 68.54016948242187,
            "rmse": 93.62662946713047,
            "mape": 127.64199270159173,
            "smape": 95.9990830233894
        }
    }
}